<?xml version="1.0" encoding="UTF-8"?>

<!--Copyright (c) 2012 by Subset Games. All rights reserved.-->
<img x="-98" y="-98" w="477" h="555" />
<offsets>
	<floor x="238" y="277" />
	<cloak x="0" y="-33" />
</offsets>
<weaponMounts>
	<mount x="397" y="209" rotate="false" mirror="false" gib="-1" slide="right" />
	<mount x="80" y="209" rotate="false" mirror="true" gib="-1" slide="left" />
	<mount x="397" y="330" rotate="false" mirror="false" gib="-1" slide="right" />
	<mount x="80" y="330" rotate="false" mirror="true" gib="-1" slide="left" />
</weaponMounts>
<explosion />

