<?xml version="1.0" encoding="UTF-8"?>

<!--Copyright (c) 2012 by Subset Games. All rights reserved.-->
<img x="-33" y="-111" w="347" h="552" />
<offsets>
	<floor x="173" y="276" />
	<cloak x="0" y="0" />
</offsets>
<weaponMounts>
	<mount x="114" y="103" rotate="false" mirror="true" gib="-1" slide="up" />
	<mount x="237" y="103" rotate="false" mirror="false" gib="-1" slide="up" />
	<mount x="78" y="191" rotate="false" mirror="true" gib="-1" slide="left" />
	<mount x="273" y="191" rotate="false" mirror="false" gib="-1" slide="right" />
	<mount x="176" y="91" rotate="false" mirror="true" gib="-1" slide="no" />
</weaponMounts>
<explosion />

